{"crs": "EPSG:3857", "width": 1024, "height": 600, "x0": 2631456.4430487496, "x1": 3747370.3104951303, "y0": 9179616.784105042, "y1": 9833472.565811904, "pad_ratio": 0.18, "basemap": "OpenStreetMap.Mapnik", "zoom": null, "render_scale": 2}