{"crs": "EPSG:3857", "width": 1024, "height": 600, "x0": 1255026.9595472366, "x1": 4374329.638652315, "y0": 9513128.88525759, "y1": 11340845.298795722, "pad_ratio": 0.18, "basemap": "OpenStreetMap.Mapnik", "zoom": null, "render_scale": 2}