{"crs": "EPSG:3857", "width": 1024, "height": 600, "x0": 2245986.981786547, "x1": 3093940.2876841966, "y0": 8546232.638068365, "y1": 9043080.278242769, "pad_ratio": 0.18, "basemap": "OpenStreetMap.Mapnik", "zoom": null, "render_scale": 2}