{"crs": "EPSG:3857", "width": 1024, "height": 600, "x0": 2485282.051931819, "x1": 3652589.68742102, "y0": 8765715.519575495, "y1": 9449684.83724495, "pad_ratio": 0.18, "basemap": "OpenStreetMap.Mapnik", "zoom": null, "render_scale": 2}